School Name,Department,Program,Scholar's Association,Scholar's Association Facebook Page,Type of Institution
"Eulogio ""Amang"" Rodriguez Institute of Science and Technology",College of Architecture and Fine Arts,BS Architecture,EARIST-SIKAT,,State Universities and Colleges
"Eulogio ""Amang"" Rodriguez Institute of Science and Technology",College of Engineering,BS Civil Engineering,EARIST-SIKAT,,State Universities and Colleges
"Eulogio ""Amang"" Rodriguez Institute of Science and Technology",College of Engineering,BS Chemical Engineering,EARIST-SIKAT,,State Universities and Colleges
"Eulogio ""Amang"" Rodriguez Institute of Science and Technology",College of Engineering,BS Computer Engineering,EARIST-SIKAT,,State Universities and Colleges
"Eulogio ""Amang"" Rodriguez Institute of Science and Technology",College of Engineering,BS Electrical Engineering,EARIST-SIKAT,,State Universities and Colleges
"Eulogio ""Amang"" Rodriguez Institute of Science and Technology",College of Engineering,BS Electronics and Communications Engineering,EARIST-SIKAT,,State Universities and Colleges
"Eulogio ""Amang"" Rodriguez Institute of Science and Technology",College of Engineering,BS Mechanical Engineering,EARIST-SIKAT,,State Universities and Colleges
"Eulogio ""Amang"" Rodriguez Institute of Science and Technology",College of Arts and Sciences,BS Applied Physics with Computer Science Emphasis,EARIST-SIKAT,,State Universities and Colleges
"Eulogio ""Amang"" Rodriguez Institute of Science and Technology",College of Arts and Sciences,BS Computer Science,EARIST-SIKAT,,State Universities and Colleges
"Eulogio ""Amang"" Rodriguez Institute of Science and Technology",College of Arts and Sciences,BS Information Technology,EARIST-SIKAT,,State Universities and Colleges
"Eulogio ""Amang"" Rodriguez Institute of Science and Technology",College of Arts and Sciences,BS Mathematics,EARIST-SIKAT,,State Universities and Colleges
"Eulogio ""Amang"" Rodriguez Institute of Science and Technology",College of Arts and Sciences,BS Psychology,EARIST-SIKAT,,State Universities and Colleges
"Eulogio ""Amang"" Rodriguez Institute of Science and Technology",College of Education,BSEd major in Mathematics,EARIST-SIKAT,,State Universities and Colleges
"Eulogio ""Amang"" Rodriguez Institute of Science and Technology",College of Education,BSEd major in Science,EARIST-SIKAT,,State Universities and Colleges
Pamantasan ng Lungsod ng Maynila,College of Architecture and Sustainable Built Environments,BS Architecture,PLM DOST Scholars' Association,https://www.facebook.com/dostsaPLM,State Universities and Colleges
Pamantasan ng Lungsod ng Maynila,College of Engineering,BS Civil Engineering,PLM DOST Scholars' Association,https://www.facebook.com/dostsaPLM,State Universities and Colleges
Pamantasan ng Lungsod ng Maynila,College of Engineering,BS Chemical Engineering,PLM DOST Scholars' Association,https://www.facebook.com/dostsaPLM,State Universities and Colleges
Pamantasan ng Lungsod ng Maynila,College of Engineering,BS Computer Engineering,PLM DOST Scholars' Association,https://www.facebook.com/dostsaPLM,State Universities and Colleges
Pamantasan ng Lungsod ng Maynila,College of Engineering,BS Electrical Engineering,PLM DOST Scholars' Association,https://www.facebook.com/dostsaPLM,State Universities and Colleges
Pamantasan ng Lungsod ng Maynila,College of Engineering,BS Electronics Engineering,PLM DOST Scholars' Association,https://www.facebook.com/dostsaPLM,State Universities and Colleges
Pamantasan ng Lungsod ng Maynila,College of Engineering,BS Manufacturing Engineering,PLM DOST Scholars' Association,https://www.facebook.com/dostsaPLM,State Universities and Colleges
Pamantasan ng Lungsod ng Maynila,College of Engineering,BS Mechanical Engineering,PLM DOST Scholars' Association,https://www.facebook.com/dostsaPLM,State Universities and Colleges
Pamantasan ng Lungsod ng Maynila,College of Education,BSEd major in Mathematics,PLM DOST Scholars' Association,https://www.facebook.com/dostsaPLM,State Universities and Colleges
Pamantasan ng Lungsod ng Maynila,College of Education,BSEd major in Sciences,PLM DOST Scholars' Association,https://www.facebook.com/dostsaPLM,State Universities and Colleges
Pamantasan ng Lungsod ng Maynila,College of Information Systems and Technology Management,BS Computer Science,PLM DOST Scholars' Association,https://www.facebook.com/dostsaPLM,State Universities and Colleges
Pamantasan ng Lungsod ng Maynila,College of Information Systems and Technology Management,BS Information Technology,PLM DOST Scholars' Association,https://www.facebook.com/dostsaPLM,State Universities and Colleges
Pamantasan ng Lungsod ng Maynila,College of Science,BS Biology,PLM DOST Scholars' Association,https://www.facebook.com/dostsaPLM,State Universities and Colleges
Pamantasan ng Lungsod ng Maynila,College of Science,BS Chemistry,PLM DOST Scholars' Association,https://www.facebook.com/dostsaPLM,State Universities and Colleges
Pamantasan ng Lungsod ng Maynila,College of Science,BS Mathematics,PLM DOST Scholars' Association,https://www.facebook.com/dostsaPLM,State Universities and Colleges
Pamantasan ng Lungsod ng Maynila,College of Science,BS Psychology,PLM DOST Scholars' Association,https://www.facebook.com/dostsaPLM,State Universities and Colleges
Philippine Normal University-Manila,"Faculty of Science, Technology, and Mathematics (FSTeM)",BSEd with specialization in Biology,PNU-DOST Scholars' Association,https://www.facebook.com/PNUDOSTScholarsAssociation,State Universities and Colleges
Philippine Normal University-Manila,"Faculty of Science, Technology, and Mathematics (FSTeM)",BSEd with specialization in Chemistry,PNU-DOST Scholars' Association,https://www.facebook.com/PNUDOSTScholarsAssociation,State Universities and Colleges
Philippine Normal University-Manila,"Faculty of Science, Technology, and Mathematics (FSTeM)",BSEd with specialization in Physics,PNU-DOST Scholars' Association,https://www.facebook.com/PNUDOSTScholarsAssociation,State Universities and Colleges
Philippine Normal University-Manila,"Faculty of Science, Technology, and Mathematics (FSTeM)",Bachelor in Mathematics Education,PNU-DOST Scholars' Association,https://www.facebook.com/PNUDOSTScholarsAssociation,State Universities and Colleges
Philippine Normal University-Manila,Faculty of Education and Information Sciences (FEIS),BTLEd with specialization in Information and Communication Technology,PNU-DOST Scholars' Association,https://www.facebook.com/PNUDOSTScholarsAssociation,State Universities and Colleges
Philippine Normal University-Manila,Faculty of Education and Information Sciences (FEIS),Bachelor of Library and Information Sciences,PNU-DOST Scholars' Association,https://www.facebook.com/PNUDOSTScholarsAssociation,State Universities and Colleges
Philippine State College of Aeronautics,Institute of Computer Studies,BS Aviation Information Technology,,,State Universities and Colleges
Philippine State College of Aeronautics,Institute of Engineering Technology,BS Aeronautical Engineering,,,State Universities and Colleges
Polytechnic University of the Philippines-Manila,"College of Architecture, Design, and the Built Environment",BS Architecture,PUP Association of DOST Scholars,https://www.facebook.com/PUPADSOfficial,State Universities and Colleges
Polytechnic University of the Philippines-Manila,College of Computer and Information System,BS Computer Science,PUP Association of DOST Scholars,https://www.facebook.com/PUPADSOfficial,State Universities and Colleges
Polytechnic University of the Philippines-Manila,College of Computer and Information System,BS Information and Technology,PUP Association of DOST Scholars,https://www.facebook.com/PUPADSOfficial,State Universities and Colleges
Polytechnic University of the Philippines-Manila,College of Education,Bachelor of Library and Information Science,PUP Association of DOST Scholars,https://www.facebook.com/PUPADSOfficial,State Universities and Colleges
Polytechnic University of the Philippines-Manila,College of Education,BSEd major in Mathematics,PUP Association of DOST Scholars,https://www.facebook.com/PUPADSOfficial,State Universities and Colleges
Polytechnic University of the Philippines-Manila,College of Education,BSEd major in Science,PUP Association of DOST Scholars,https://www.facebook.com/PUPADSOfficial,State Universities and Colleges
Polytechnic University of the Philippines-Manila,College of Engineering,BS Civil Engineering,PUP Association of DOST Scholars,https://www.facebook.com/PUPADSOfficial,State Universities and Colleges
Polytechnic University of the Philippines-Manila,College of Engineering,BS Computer Engineering,PUP Association of DOST Scholars,https://www.facebook.com/PUPADSOfficial,State Universities and Colleges
Polytechnic University of the Philippines-Manila,College of Engineering,BS Electrical Engineering,PUP Association of DOST Scholars,https://www.facebook.com/PUPADSOfficial,State Universities and Colleges
Polytechnic University of the Philippines-Manila,College of Engineering,BS Electronics Engineering,PUP Association of DOST Scholars,https://www.facebook.com/PUPADSOfficial,State Universities and Colleges
Polytechnic University of the Philippines-Manila,College of Engineering,BS Industrial Engineering,PUP Association of DOST Scholars,https://www.facebook.com/PUPADSOfficial,State Universities and Colleges
Polytechnic University of the Philippines-Manila,College of Engineering,BS Mechanical Engineering,PUP Association of DOST Scholars,https://www.facebook.com/PUPADSOfficial,State Universities and Colleges
Polytechnic University of the Philippines-Manila,College of Science,BS Applied Mathematics,PUP Association of DOST Scholars,https://www.facebook.com/PUPADSOfficial,State Universities and Colleges
Polytechnic University of the Philippines-Manila,College of Science,BS Biology,PUP Association of DOST Scholars,https://www.facebook.com/PUPADSOfficial,State Universities and Colleges
Polytechnic University of the Philippines-Manila,College of Science,BS Chemistry,PUP Association of DOST Scholars,https://www.facebook.com/PUPADSOfficial,State Universities and Colleges
Polytechnic University of the Philippines-Manila,College of Science,BS Food Technology,PUP Association of DOST Scholars,https://www.facebook.com/PUPADSOfficial,State Universities and Colleges
Polytechnic University of the Philippines-Manila,College of Science,BS Mathematics,PUP Association of DOST Scholars,https://www.facebook.com/PUPADSOfficial,State Universities and Colleges
Polytechnic University of the Philippines-Manila,College of Science,BS Nutrition and Dietetics,PUP Association of DOST Scholars,https://www.facebook.com/PUPADSOfficial,State Universities and Colleges
Polytechnic University of the Philippines-Manila,College of Science,BS Physics,PUP Association of DOST Scholars,https://www.facebook.com/PUPADSOfficial,State Universities and Colleges
Polytechnic University of the Philippines-Manila,College of Science,BS Statistics,PUP Association of DOST Scholars,https://www.facebook.com/PUPADSOfficial,State Universities and Colleges
Polytechnic University of the Philippines-Manila,College of Social Sciences and Development,BS Psychology,PUP Association of DOST Scholars,https://www.facebook.com/PUPADSOfficial,State Universities and Colleges
Rizal Technological University,College of Arts and Sciences,BS Astronomy,RTU DOST Scholars' Association,https://www.facebook.com/RTUDOSTSCAN,State Universities and Colleges
Rizal Technological University,College of Arts and Sciences,BS Biology,RTU DOST Scholars' Association,https://www.facebook.com/RTUDOSTSCAN,State Universities and Colleges
Rizal Technological University,College of Arts and Sciences,BS Psychology,RTU DOST Scholars' Association,https://www.facebook.com/RTUDOSTSCAN,State Universities and Colleges
Rizal Technological University,College of Arts and Sciences,BS Statistics,RTU DOST Scholars' Association,https://www.facebook.com/RTUDOSTSCAN,State Universities and Colleges
Rizal Technological University,College of Education,BSEd major in Math,RTU DOST Scholars' Association,https://www.facebook.com/RTUDOSTSCAN,State Universities and Colleges
Rizal Technological University,College of Education,BSEd major in Science,RTU DOST Scholars' Association,https://www.facebook.com/RTUDOSTSCAN,State Universities and Colleges
Rizal Technological University,College of Engineering,BS Civil Engineering,RTU DOST Scholars' Association,https://www.facebook.com/RTUDOSTSCAN,State Universities and Colleges
Rizal Technological University,College of Engineering,BS Computer Engineering,RTU DOST Scholars' Association,https://www.facebook.com/RTUDOSTSCAN,State Universities and Colleges
Rizal Technological University,College of Engineering,BS Electrical Engineering,RTU DOST Scholars' Association,https://www.facebook.com/RTUDOSTSCAN,State Universities and Colleges
Rizal Technological University,College of Engineering,BS Electronics Engineering,RTU DOST Scholars' Association,https://www.facebook.com/RTUDOSTSCAN,State Universities and Colleges
Rizal Technological University,College of Engineering,BS Industrial Engineering,RTU DOST Scholars' Association,https://www.facebook.com/RTUDOSTSCAN,State Universities and Colleges
Rizal Technological University,College of Engineering,BS Instrumentation and Control Engineering,RTU DOST Scholars' Association,https://www.facebook.com/RTUDOSTSCAN,State Universities and Colleges
Rizal Technological University,College of Engineering,BS Mechanical Engineering,RTU DOST Scholars' Association,https://www.facebook.com/RTUDOSTSCAN,State Universities and Colleges
Rizal Technological University,Institute of Architecture,BS Architecture,RTU DOST Scholars' Association,https://www.facebook.com/RTUDOSTSCAN,State Universities and Colleges
Rizal Technological University,Institute of Computer Science,BS Information Technology,RTU DOST Scholars' Association,https://www.facebook.com/RTUDOSTSCAN,State Universities and Colleges
Technological University of the Philippines-Manila,College of Architecture and Fine Arts,BS Architecture,TUPM DOST Scholars' Club,https://www.facebook.com/tupmdostsc/,State Universities and Colleges
Technological University of the Philippines-Manila,College of Engineering,BS Civil Engineering,TUPM DOST Scholars' Club,https://www.facebook.com/tupmdostsc/,State Universities and Colleges
Technological University of the Philippines-Manila,College of Engineering,BS Electrical Engineering,TUPM DOST Scholars' Club,https://www.facebook.com/tupmdostsc/,State Universities and Colleges
Technological University of the Philippines-Manila,College of Engineering,BS Electronics and Communications Engineering,TUPM DOST Scholars' Club,https://www.facebook.com/tupmdostsc/,State Universities and Colleges
Technological University of the Philippines-Manila,College of Engineering,BS Mechanical Engineering,TUPM DOST Scholars' Club,https://www.facebook.com/tupmdostsc/,State Universities and Colleges
Technological University of the Philippines-Manila,College of Industrial Technology,BS Food Technology,TUPM DOST Scholars' Club,https://www.facebook.com/tupmdostsc/,State Universities and Colleges
Technological University of the Philippines-Manila,College of Science,BS Computer Science,TUPM DOST Scholars' Club,https://www.facebook.com/tupmdostsc/,State Universities and Colleges
Technological University of the Philippines-Manila,College of Science,BS Information Technology,TUPM DOST Scholars' Club,https://www.facebook.com/tupmdostsc/,State Universities and Colleges
Technological University of the Philippines-Manila,College of Science,BS Environmental Science,TUPM DOST Scholars' Club,https://www.facebook.com/tupmdostsc/,State Universities and Colleges
Technological University of the Philippines-Manila,College of Science,BS Information Systems,TUPM DOST Scholars' Club,https://www.facebook.com/tupmdostsc/,State Universities and Colleges
Technological University of the Philippines-Taguig,College of Computer Studies,BS Information Technology,TUPT D'SAITECH,https://www.facebook.com/TUPT.DSAITECH,State Universities and Colleges
Technological University of the Philippines-Taguig,College of Engineering,BS Civil Engineering,TUPT D'SAITECH,https://www.facebook.com/TUPT.DSAITECH,State Universities and Colleges
Technological University of the Philippines-Taguig,College of Engineering,BS Electrical Engineering,TUPT D'SAITECH,https://www.facebook.com/TUPT.DSAITECH,State Universities and Colleges
Technological University of the Philippines-Taguig,College of Engineering,BS Electronics Engineering,TUPT D'SAITECH,https://www.facebook.com/TUPT.DSAITECH,State Universities and Colleges
Technological University of the Philippines-Taguig,College of Engineering,BS Mechanical Engineering,TUPT D'SAITECH,https://www.facebook.com/TUPT.DSAITECH,State Universities and Colleges
Technological University of the Philippines-Taguig,College of Science,BS Environmental Science,TUPT D'SAITECH,https://www.facebook.com/TUPT.DSAITECH,State Universities and Colleges
University of the Philippines-Diliman,College of Architecture,BS Architecture,UP DOST Scholar's Association,https://www.facebook.com/updostsa,State Universities and Colleges
University of the Philippines-Diliman,College of Education,BSEd major in Biology,UP DOST Scholar's Association,https://www.facebook.com/updostsa,State Universities and Colleges
University of the Philippines-Diliman,College of Education,BSEd major in Chemistry,UP DOST Scholar's Association,https://www.facebook.com/updostsa,State Universities and Colleges
University of the Philippines-Diliman,College of Education,BSEd major in Mathematics,UP DOST Scholar's Association,https://www.facebook.com/updostsa,State Universities and Colleges
University of the Philippines-Diliman,College of Education,BSEd major in Physics,UP DOST Scholar's Association,https://www.facebook.com/updostsa,State Universities and Colleges
University of the Philippines-Diliman,College of Education,BSEd major in Science and Health,UP DOST Scholar's Association,https://www.facebook.com/updostsa,State Universities and Colleges
University of the Philippines-Diliman,College of Engineering,BS Civil Engineering,UP DOST Scholar's Association,https://www.facebook.com/updostsa,State Universities and Colleges
University of the Philippines-Diliman,College of Engineering,BS Chemical Engineering,UP DOST Scholar's Association,https://www.facebook.com/updostsa,State Universities and Colleges
University of the Philippines-Diliman,College of Engineering,BS Computer Science,UP DOST Scholar's Association,https://www.facebook.com/updostsa,State Universities and Colleges
University of the Philippines-Diliman,College of Engineering,BS Computer Engineering,UP DOST Scholar's Association,https://www.facebook.com/updostsa,State Universities and Colleges
University of the Philippines-Diliman,College of Engineering,BS Electrical Engineering,UP DOST Scholar's Association,https://www.facebook.com/updostsa,State Universities and Colleges
University of the Philippines-Diliman,College of Engineering,BS Electronics and Communications Engineering,UP DOST Scholar's Association,https://www.facebook.com/updostsa,State Universities and Colleges
University of the Philippines-Diliman,College of Engineering,BS Geodetic Engineering,UP DOST Scholar's Association,https://www.facebook.com/updostsa,State Universities and Colleges
University of the Philippines-Diliman,College of Engineering,BS Industrial Engineering,UP DOST Scholar's Association,https://www.facebook.com/updostsa,State Universities and Colleges
University of the Philippines-Diliman,College of Engineering,BS Mechanical Engineering,UP DOST Scholar's Association,https://www.facebook.com/updostsa,State Universities and Colleges
University of the Philippines-Diliman,College of Engineering,BS Materials Engineering,UP DOST Scholar's Association,https://www.facebook.com/updostsa,State Universities and Colleges
University of the Philippines-Diliman,College of Engineering,BS Metallurgical Engineering,UP DOST Scholar's Association,https://www.facebook.com/updostsa,State Universities and Colleges
University of the Philippines-Diliman,College of Engineering,BS Mining Engineering,UP DOST Scholar's Association,https://www.facebook.com/updostsa,State Universities and Colleges
University of the Philippines-Diliman,College of Home Economics,BS Community Nutrition,UP DOST Scholar's Association,https://www.facebook.com/updostsa,State Universities and Colleges
University of the Philippines-Diliman,College of Home Economics,BS Food Technology,UP DOST Scholar's Association,https://www.facebook.com/updostsa,State Universities and Colleges
University of the Philippines-Diliman,College of Science,BS Applied Physics,UP DOST Scholar's Association,https://www.facebook.com/updostsa,State Universities and Colleges
University of the Philippines-Diliman,College of Science,BS Biology,UP DOST Scholar's Association,https://www.facebook.com/updostsa,State Universities and Colleges
University of the Philippines-Diliman,College of Science,BS Chemistry,UP DOST Scholar's Association,https://www.facebook.com/updostsa,State Universities and Colleges
University of the Philippines-Diliman,College of Science,BS Geology,UP DOST Scholar's Association,https://www.facebook.com/updostsa,State Universities and Colleges
University of the Philippines-Diliman,College of Science,BS Mathematics,UP DOST Scholar's Association,https://www.facebook.com/updostsa,State Universities and Colleges
University of the Philippines-Diliman,College of Science,BS Molecular Biology and Biotechnology,UP DOST Scholar's Association,https://www.facebook.com/updostsa,State Universities and Colleges
University of the Philippines-Diliman,College of Science,BS Physics,UP DOST Scholar's Association,https://www.facebook.com/updostsa,State Universities and Colleges
University of the Philippines-Diliman,College of Social Sciences and Philosophy,BS Geography,UP DOST Scholar's Association,https://www.facebook.com/updostsa,State Universities and Colleges
University of the Philippines-Diliman,College of Social Sciences and Philosophy,BS Psychology,UP DOST Scholar's Association,https://www.facebook.com/updostsa,State Universities and Colleges
University of the Philippines-Diliman,School of Statistics,BS Statistics,UP DOST Scholar's Association,https://www.facebook.com/updostsa,State Universities and Colleges
University of the Philippines-Manila,College of Allied Medical Professions,BS Speech Pathology,UP Manila DOST Scholars' Union,https://www.facebook.com/UPMDOSTSU,State Universities and Colleges
University of the Philippines-Manila,College of Arts and Sciences,BS Applied Physics,UP Manila DOST Scholars' Union,https://www.facebook.com/UPMDOSTSU,State Universities and Colleges
University of the Philippines-Manila,College of Arts and Sciences,BS Biochemistry,UP Manila DOST Scholars' Union,https://www.facebook.com/UPMDOSTSU,State Universities and Colleges
University of the Philippines-Manila,College of Arts and Sciences,BS Biology,UP Manila DOST Scholars' Union,https://www.facebook.com/UPMDOSTSU,State Universities and Colleges
University of the Philippines-Manila,College of Arts and Sciences,BS Computer Science,UP Manila DOST Scholars' Union,https://www.facebook.com/UPMDOSTSU,State Universities and Colleges
University of the Philippines-Manila,College of Pharmacy,BS Pharmacy,UP Manila DOST Scholars' Union,https://www.facebook.com/UPMDOSTSU,State Universities and Colleges
University of the Philippines-Manila,College of Pharmacy,BS Pharmaceutical Sciences,UP Manila DOST Scholars' Union,https://www.facebook.com/UPMDOSTSU,State Universities and Colleges
University of the Philippines-Manila,College of Pharmacy,BS Industrial Pharmacy,UP Manila DOST Scholars' Union,https://www.facebook.com/UPMDOSTSU,State Universities and Colleges
University of the Philippines-Manila,College of Public Health,BS Public Health,UP Manila DOST Scholars' Union,https://www.facebook.com/UPMDOSTSU,State Universities and Colleges
Adamson University,College of Engineering,BS Civil Engineering,,,Private Higher Education Institution
Adamson University,College of Engineering,BS Chemical Engineering,,,Private Higher Education Institution
Adamson University,College of Engineering,BS Electronics Engineering,,,Private Higher Education Institution
Adamson University,College of Pharmacy,BS Pharmacy,,,Private Higher Education Institution
Adamson University,College of Science,BS Computer Science,,,Private Higher Education Institution
Adamson University,College of Science,BS Information Technology,,,Private Higher Education Institution
Adamson University,College of Science,BS Information Systems,,,Private Higher Education Institution
Ateneo De Manila University,School of Science and Engineering,BS Chemistry,,,Private Higher Education Institution
Ateneo De Manila University,School of Science and Engineering,BS Chemistry - BS Materials Science and Engineering*,,,Private Higher Education Institution
Ateneo De Manila University,School of Science and Engineering,BS Computer Science,,,Private Higher Education Institution
Ateneo De Manila University,School of Science and Engineering,BS Computer Science - BS Digital Game Design and Development*,,,Private Higher Education Institution
Ateneo De Manila University,School of Science and Engineering,BS/MS Computer Science*,,,Private Higher Education Institution
Ateneo De Manila University,School of Science and Engineering,BS Electronics Engineering,,,Private Higher Education Institution
Ateneo De Manila University,School of Science and Engineering,BS Environmental Science,,,Private Higher Education Institution
Ateneo De Manila University,School of Science and Engineering,BS Health Sciences,,,Private Higher Education Institution
Ateneo De Manila University,School of Science and Engineering,BS Life Sciences,,,Private Higher Education Institution
Ateneo De Manila University,School of Science and Engineering,BS Management Information Systems,,,Private Higher Education Institution
Ateneo De Manila University,School of Science and Engineering,BS Mathematics,,,Private Higher Education Institution
Ateneo De Manila University,School of Science and Engineering,BS/M Applied Mathematics with specialization in Mathematical Finance*,,,Private Higher Education Institution
Ateneo De Manila University,School of Science and Engineering,BS/M Applied Mathematics with specialization in Data Science*,,,Private Higher Education Institution
Ateneo De Manila University,School of Science and Engineering,BS Applied Physics - BS Materials Science and Engineering*,,,Private Higher Education Institution
Ateneo De Manila University,School of Science and Engineering,BS Physics,,,Private Higher Education Institution
Ateneo De Manila University,School of Science and Engineering,BS Psychology,,,Private Higher Education Institution
Centro Escolar University-Manila,"School of Education, Liberal Arts, Music, and Social Work",BSEd major in Mathematics,,,Private Higher Education Institution
Centro Escolar University-Manila,"School of Education, Liberal Arts, Music, and Social Work",BSEd major in Science,,,Private Higher Education Institution
Centro Escolar University-Manila,School of Medical Technology,BS Medical Technology,,,Private Higher Education Institution
Centro Escolar University-Manila,School of Nutrition and Hospitality Management,BS Nutrition and Dietetics,,,Private Higher Education Institution
Centro Escolar University-Manila,School of Pharmacy,BS Pharmacy (4 yrs),,,Private Higher Education Institution
Centro Escolar University-Manila,School of Pharmacy,BS Clinical Pharmacy (5 yrs),,,Private Higher Education Institution
Centro Escolar University-Manila,School of Science and Technology,BS Biology,,,Private Higher Education Institution
Centro Escolar University-Manila,School of Science and Technology,BS Biology with specialization in Microbiology,,,Private Higher Education Institution
Centro Escolar University-Manila,School of Science and Technology,BS Psychology,,,Private Higher Education Institution
Centro Escolar University-Manila,School of Science and Technology,BS Psychology (with 18 units of Education),,,Private Higher Education Institution
Centro Escolar University-Malolos,"School of Education, Liberal Arts, and Sciences",BS Psychology,,,Private Higher Education Institution
De La Salle University-Manila,Br. Andrew Gonzalez College of Education,BSEd major in Science with specialization in Biology,,,Private Higher Education Institution
De La Salle University-Manila,Br. Andrew Gonzalez College of Education,BSEd major in Science with specialization in Chemistry,,,Private Higher Education Institution
De La Salle University-Manila,Br. Andrew Gonzalez College of Education,BSEd major in Science with specialization in Physics,,,Private Higher Education Institution
De La Salle University-Manila,College of Computer Studies,BS Computer Science major in Software Technology,,,Private Higher Education Institution
De La Salle University-Manila,College of Computer Studies,BS Computer Science major in Network and Information Security,,,Private Higher Education Institution
De La Salle University-Manila,College of Computer Studies,BS Computer Science major in Computer Systems Engineering,,,Private Higher Education Institution
De La Salle University-Manila,College of Computer Studies,BS Information Systems,,,Private Higher Education Institution
De La Salle University-Manila,College of Computer Studies,BS Information Technology,,,Private Higher Education Institution
De La Salle University-Manila,College of Liberal Arts,BS Psychology,,,Private Higher Education Institution
De La Salle University-Manila,College of Science,BS Animal Biology,,,Private Higher Education Institution
De La Salle University-Manila,College of Science,BS Biochemistry,,,Private Higher Education Institution
De La Salle University-Manila,College of Science,BS Chemistry,,,Private Higher Education Institution
De La Salle University-Manila,College of Science,BS Chemistry minor in Business Studies,,,Private Higher Education Institution
De La Salle University-Manila,College of Science,BS Biology major in Medical Biology,,,Private Higher Education Institution
De La Salle University-Manila,College of Science,BS Biology major in Systematics and Ecology,,,Private Higher Education Institution
De La Salle University-Manila,College of Science,BS Biology major in Molecular Biology and Biotechnology,,,Private Higher Education Institution
De La Salle University-Manila,College of Science,BS Biology major in Molecular Biology and Biotechnology,,,Private Higher Education Institution
De La Salle University-Manila,College of Science,BS Human Biology,,,Private Higher Education Institution
De La Salle University-Manila,College of Science,BS Mathematics with specialization in Computer Applications,,,Private Higher Education Institution
De La Salle University-Manila,College of Science,BS Physics minor in Economics,,,Private Higher Education Institution
De La Salle University-Manila,College of Science,BS Physics minor in Finance,,,Private Higher Education Institution
De La Salle University-Manila,College of Science,BS Physics with specialization in Medical Instrumentation,,,Private Higher Education Institution
De La Salle University-Manila,College of Science,BS Physics with specialization in Materials Science,,,Private Higher Education Institution
De La Salle University-Manila,College of Science,BS Statistics,,,Private Higher Education Institution
De La Salle University-Manila,Gokongwei College of Engineering,BS Civil Engineering,,,Private Higher Education Institution
De La Salle University-Manila,Gokongwei College of Engineering,BS Chemical Engineering,,,Private Higher Education Institution
De La Salle University-Manila,Gokongwei College of Engineering,BS Computer Engineering,,,Private Higher Education Institution
De La Salle University-Manila,Gokongwei College of Engineering,BS Electronics Engineering,,,Private Higher Education Institution
De La Salle University-Manila,Gokongwei College of Engineering,BS Industrial Engineering,,,Private Higher Education Institution
De La Salle University-Manila,Gokongwei College of Engineering,BS Industrial Engineering with specialization in Information Technology,,,Private Higher Education Institution
De La Salle University-Manila,Gokongwei College of Engineering,BS Industrial Engineering with specialization in Service Management,,,Private Higher Education Institution
De La Salle University-Manila,Gokongwei College of Engineering,BS Manufacturing Engineering and Management with specialization in Mechatronics and Robotics Engineering,,,Private Higher Education Institution
De La Salle University-Manila,Gokongwei College of Engineering,BS Mechanical Engineering with specialization in Mechatronics Engineering,,,Private Higher Education Institution
Far Eastern University,Institute of Arts and Sciences,BS Applied Mathematics,,,Private Higher Education Institution
Far Eastern University,Institute of Arts and Sciences,BS Biology,,,Private Higher Education Institution
Far Eastern University,Institute of Arts and Sciences,BS Psychology,,,Private Higher Education Institution
Far Eastern University,Institute of Education,BSEd major in Mathematics,,,Private Higher Education Institution
Far Eastern University,Institute of Education,BSEd major in Science,,,Private Higher Education Institution
Far Eastern University Institute of Technology,College of Computer Studies,BS Computer Science,,,Private Higher Education Institution
Far Eastern University Institute of Technology,College of Computer Studies,BS Information Technology,,,Private Higher Education Institution
Far Eastern University Institute of Technology,College of Engineering,BS Civil Engineering,,,Private Higher Education Institution
Far Eastern University Institute of Technology,College of Engineering,BS Computer Engineering,,,Private Higher Education Institution
Jose Rizal University-Mandaluyong,College of Computer Studies and Engineering,BS Information Technology,,,Private Higher Education Institution
Jose Rizal University-Mandaluyong,College of Computer Studies and Engineering,BS Information Technology major in Business Analytics,,,Private Higher Education Institution
Lyceum of the Philippines-Manila,College of Arts and Sciences,BS Psychology,,,Private Higher Education Institution
Lyceum of the Philippines-Manila,College of Technology,BS Information Technology,,,Private Higher Education Institution
Lyceum of the Philippines-Manila,College of Technology,BS Computer Science,,,Private Higher Education Institution
Mapua University,"School of Chemical, Biological, and Materials Engineering and Sciences",BS Chemical Engineering,Mapua University DOST Scholars' Association,https://www.facebook.com/mudostsa,Private Higher Education Institution
Mapua University,"School of Civil, Environmental, and Geological Engineering",BS Civil Engineering,Mapua University DOST Scholars' Association,https://www.facebook.com/mudostsa,Private Higher Education Institution
Mapua University,"School of Civil, Environmental, and Geological Engineering",BS Environmental and Sanitary Engineering,Mapua University DOST Scholars' Association,https://www.facebook.com/mudostsa,Private Higher Education Institution
Mapua University,"School of Electrical, Electronics, and Computer Engineering",BS Electronics Engineering,Mapua University DOST Scholars' Association,https://www.facebook.com/mudostsa,Private Higher Education Institution
Mapua University,"School of Electrical, Electronics, and Computer Engineering",BS Electrical Engineering,Mapua University DOST Scholars' Association,https://www.facebook.com/mudostsa,Private Higher Education Institution
Mapua University,"School of Electrical, Electronics, and Computer Engineering",BS Computer Engineering,Mapua University DOST Scholars' Association,https://www.facebook.com/mudostsa,Private Higher Education Institution
Mapua University,School of Industrial Engineering and Engineering Management,BS Industrial Engineering,Mapua University DOST Scholars' Association,https://www.facebook.com/mudostsa,Private Higher Education Institution
Mapua University,School of Information Technology,BS Computer Science,Mapua University DOST Scholars' Association,https://www.facebook.com/mudostsa,Private Higher Education Institution
Mapua University,School of Information Technology,BS Information Technology,Mapua University DOST Scholars' Association,https://www.facebook.com/mudostsa,Private Higher Education Institution
Mapua University,School of Information Technology,BS Information Systems,Mapua University DOST Scholars' Association,https://www.facebook.com/mudostsa,Private Higher Education Institution
Mapua University,"School of Mechanical, Manufacturing, and Energy Engineering",BS Mechanical Engineering,Mapua University DOST Scholars' Association,https://www.facebook.com/mudostsa,Private Higher Education Institution
National University-Manila,College of Allied Health,BS Pharmacy,NU Axios: DOST Scholars Association,https://www.facebook.com/profile.php?id=61558742344154,Private Higher Education Institution
National University-Manila,College of Engineering,BS Civil Engineering,NU Axios: DOST Scholars Association,https://www.facebook.com/profile.php?id=61558742344154,Private Higher Education Institution
National University-Manila,College of Engineering,BS Computer Engineering,NU Axios: DOST Scholars Association,https://www.facebook.com/profile.php?id=61558742344154,Private Higher Education Institution
National University-Manila,College of Computing and Information Technologies,BS Computer Science with specialization in Machine Learning,NU Axios: DOST Scholars Association,https://www.facebook.com/profile.php?id=61558742344154,Private Higher Education Institution
National University-Manila,College of Computing and Information Technologies,BS Computer Science with specialization in Digital Forensics,NU Axios: DOST Scholars Association,https://www.facebook.com/profile.php?id=61558742344154,Private Higher Education Institution
National University-Manila,College of Computing and Information Technologies,BS Information Technologies with specialization in Web and Mobile Applications,NU Axios: DOST Scholars Association,https://www.facebook.com/profile.php?id=61558742344154,Private Higher Education Institution
National University-Manila,College of Computing and Information Technologies,BS Information Technologies with specialization in Multimedia Arts and Animation,NU Axios: DOST Scholars Association,https://www.facebook.com/profile.php?id=61558742344154,Private Higher Education Institution
Our Lady of Fatima University-Quezon City,College of Arts and Sciences,BS Biology,,,Private Higher Education Institution
Our Lady of Fatima University-Quezon City,College of Arts and Sciences,BS Psychology,,,Private Higher Education Institution
Our Lady of Fatima University-Valenzuela,College of Arts & Sciences,BS Biology,,,Private Higher Education Institution
Our Lady of Fatima University-Valenzuela,College of Arts & Sciences,BS Psychology,,,Private Higher Education Institution
Our Lady of Fatima University-Valenzuela,College of Computer Studies,BS Computer Science,,,Private Higher Education Institution
Our Lady of Fatima University-Valenzuela,College of Computer Studies,BS Information Technology,,,Private Higher Education Institution
Our Lady of Fatima University-Valenzuela,College of Medical Laboratory Science,BS Medical Laboratory Science,,,Private Higher Education Institution
Our Lady of Fatima University-Valenzuela,College of Pharmacy,BS Pharmacy,,,Private Higher Education Institution
Technological Institute of the Philippines-Manila,College of Computer Studies,BS Computer Science,,,Private Higher Education Institution
Technological Institute of the Philippines-Manila,College of Computer Studies,BS Information Technology,,,Private Higher Education Institution
Technological Institute of the Philippines-Manila,College of Engineering and Architecture,BS Civil Engineering,,,Private Higher Education Institution
Technological Institute of the Philippines-Manila,College of Engineering and Architecture,BS Chemical Engineering,,,Private Higher Education Institution
Technological Institute of the Philippines-Manila,College of Engineering and Architecture,BS Computer Engineering,,,Private Higher Education Institution
Technological Institute of the Philippines-Manila,College of Engineering and Architecture,BS Electrical Engineering,,,Private Higher Education Institution
Technological Institute of the Philippines-Manila,College of Engineering and Architecture,BS Industrial Engineering,,,Private Higher Education Institution
Technological Institute of the Philippines-Manila,College of Engineering and Architecture,BS Mechanical Engineering,,,Private Higher Education Institution
Technological Institute of the Philippines-Quezon,College of Computer Studies,BS Computer Science,,,Private Higher Education Institution
Technological Institute of the Philippines-Quezon,College of Computer Studies,BS Information Systems,,,Private Higher Education Institution
Technological Institute of the Philippines-Quezon,College of Computer Studies,BS Information Technology,,,Private Higher Education Institution
Technological Institute of the Philippines-Quezon,College of Education,BSEd major in Mathematics,,,Private Higher Education Institution
Technological Institute of the Philippines-Quezon,College of Education,BSEd major in Science,,,Private Higher Education Institution
Technological Institute of the Philippines-Quezon,College of Engineering and Architecture,BS Architecture,,,Private Higher Education Institution
Technological Institute of the Philippines-Quezon,College of Engineering and Architecture,BS Civil Engineering,,,Private Higher Education Institution
Technological Institute of the Philippines-Quezon,College of Engineering and Architecture,BS Computer Engineering,,,Private Higher Education Institution
Technological Institute of the Philippines-Quezon,College of Engineering and Architecture,BS Electrical Engineering,,,Private Higher Education Institution
Technological Institute of the Philippines-Quezon,College of Engineering and Architecture,BS Electronics Engineering,,,Private Higher Education Institution
Technological Institute of the Philippines-Quezon,College of Engineering and Architecture,BS Industrial Engineering,,,Private Higher Education Institution
University of the East-Manila,College of Arts & Sciences,BS Psychology,,,Private Higher Education Institution
University of the East-Manila,College of Arts & Sciences,BS Biology in Medical Biology Track,,,Private Higher Education Institution
University of the East-Manila,College of Arts & Sciences,BS Biology in Ecology & Biodiversity Track,,,Private Higher Education Institution
University of the East-Manila,College of Computer Studies & Systems,BS Information Technology,,,Private Higher Education Institution
University of the East-Manila,College of Computer Studies & Systems,BS Computer Science,,,Private Higher Education Institution
University of the East-Manila,College of Engineering,BS Civil Engineering,,,Private Higher Education Institution
University of Santo Tomas,Health Sector,BS Medical Biology,,,Private Higher Education Institution
University of Santo Tomas,Health Sector,BS Medical Technology,,,Private Higher Education Institution
University of Santo Tomas,Health Sector,BS Nutrition and Dietetics,,,Private Higher Education Institution
University of Santo Tomas,Health Sector,BS Pharmacy (4 yrs),,,Private Higher Education Institution
University of Santo Tomas,Health Sector,BS Pharmacy major in Clinical Pharmacy (5 yrs),,,Private Higher Education Institution
University of Santo Tomas,College of Education,BSEd major in Science,,,Private Higher Education Institution
University of Santo Tomas,"Science, Technology, Engineering, and Mathematics Sector",BS Applied Mathematics major in Actuarial Science,,,Private Higher Education Institution
University of Santo Tomas,"Science, Technology, Engineering, and Mathematics Sector",BS Applied Physics major in Instrumentation,,,Private Higher Education Institution
University of Santo Tomas,"Science, Technology, Engineering, and Mathematics Sector",BS Biochemistry,,,Private Higher Education Institution
University of Santo Tomas,"Science, Technology, Engineering, and Mathematics Sector",BS Biology major in Environmental Biology,,,Private Higher Education Institution
University of Santo Tomas,"Science, Technology, Engineering, and Mathematics Sector",BS Biology major in Industrial Biology,,,Private Higher Education Institution
University of Santo Tomas,"Science, Technology, Engineering, and Mathematics Sector",BS Chemical Engineering,,,Private Higher Education Institution
University of Santo Tomas,"Science, Technology, Engineering, and Mathematics Sector",BS Chemistry,,,Private Higher Education Institution
University of Santo Tomas,"Science, Technology, Engineering, and Mathematics Sector",BS Civil Engineering major in Construction Engineering and Management,,,Private Higher Education Institution
University of Santo Tomas,"Science, Technology, Engineering, and Mathematics Sector",BS Civil Engineering major in Geotechnical Engineering,,,Private Higher Education Institution
University of Santo Tomas,"Science, Technology, Engineering, and Mathematics Sector",BS Civil Engineering major in Structural Engineering,,,Private Higher Education Institution
University of Santo Tomas,"Science, Technology, Engineering, and Mathematics Sector",BS Civil Engineering major in Transportation Engineering,,,Private Higher Education Institution
University of Santo Tomas,"Science, Technology, Engineering, and Mathematics Sector",BS Civil Engineering major in Water Resource Technology,,,Private Higher Education Institution
University of Santo Tomas,"Science, Technology, Engineering, and Mathematics Sector",BS Computer Science major in Core Computer Science,,,Private Higher Education Institution
University of Santo Tomas,"Science, Technology, Engineering, and Mathematics Sector",BS Computer Science major in Data Science,,,Private Higher Education Institution
University of Santo Tomas,"Science, Technology, Engineering, and Mathematics Sector",BS Computer Science major in Game Development,,,Private Higher Education Institution
University of Santo Tomas,"Science, Technology, Engineering, and Mathematics Sector",BS Electrical Engineering,,,Private Higher Education Institution
University of Santo Tomas,"Science, Technology, Engineering, and Mathematics Sector",BS Electronics Engineering,,,Private Higher Education Institution
University of Santo Tomas,"Science, Technology, Engineering, and Mathematics Sector",BS Food Technology,,,Private Higher Education Institution
University of Santo Tomas,"Science, Technology, Engineering, and Mathematics Sector",BS Industrial Engineering,,,Private Higher Education Institution
University of Santo Tomas,"Science, Technology, Engineering, and Mathematics Sector",BS Information Systems major in Business Analytics,,,Private Higher Education Institution
University of Santo Tomas,"Science, Technology, Engineering, and Mathematics Sector",BS Information Systems major in Service Management,,,Private Higher Education Institution
University of Santo Tomas,"Science, Technology, Engineering, and Mathematics Sector",BS Information Technology major in Information Technology Automation,,,Private Higher Education Institution
University of Santo Tomas,"Science, Technology, Engineering, and Mathematics Sector",BS Information Technology major in Network and Security,,,Private Higher Education Institution
University of Santo Tomas,"Science, Technology, Engineering, and Mathematics Sector",BS Information Technology major in Web and Mobile Development,,,Private Higher Education Institution
University of Santo Tomas,"Science, Technology, Engineering, and Mathematics Sector",BS Mechanical Engineering,,,Private Higher Education Institution
University of Santo Tomas,"Science, Technology, Engineering, and Mathematics Sector",BS Microbiology,,,Private Higher Education Institution
